ссылка на канал;
https://t.me/LegkiiPiar;
https://t.me/reklamateladm;
https://t.me/adfortg;
https://t.me/kuplurek;
https://t.me/birshca_shcat;
https://t.me/toppiarshat22;
https://t.me/vreklamke;
https://t.me/delovoy_cpm;
https://t.me/komichatik;
https://t.me/birjareklamitg;
https://t.me/adm_telegram;
https://t.me/SPAMPIAR;
https://t.me/reclapoh;
https://t.me/piartlg;
https://t.me/vpdoc;
https://t.me/birzhaTGconvert;
https://t.me/pr_chat_admin;
https://t.me/ebatbirga;
https://t.me/TgBazarChat;
https://t.me/bezdna42;
https://t.me/perelink_chat;
https://t.me/reklama_ru_vip;
https://t.me/pr_chat;
https://t.me/birzha_inter;
https://t.me/vp_kocmoc;
https://t.me/Selfdevelop12;
https://t.me/pokypka_tolko;
https://t.me/rek_telega;
https://t.me/piar4free;
https://t.me/reklam_birzha;
https://t.me/selrek;
https://t.me/vasa_reklama;
https://t.me/piar_kanal;
https://t.me/zakup_instagram;
https://t.me/piarchattg;
https://t.me/ads_tele;
https://t.me/thebestofpiar;
https://t.me/kupi_prodai4;
https://t.me/piarGo;
https://t.me/TGPR_RealType;
https://t.me/Reklama_ADD;
https://t.me/ifreepr;
https://t.me/Nowostnicheck_news;
https://t.me/Reklama_grami;
https://t.me/PR_Free;
https://t.me/piartelega;
https://t.me/alice_bob_public;
https://t.me/telegrgsuw;
https://t.me/CHAT_1SEE;
https://t.me/piarchatVZC;
https://t.me/TARGET_PRODAZHA;
https://t.me/rekwomen;
https://t.me/crypchat;
https://t.me/models_only_chat;
https://t.me/FO4SIK;
https://t.me/vp_chatik01;
https://t.me/piar_gru_ppa;
https://t.me/pr_reklama_vp;
https://t.me/TARGETING1_REKLAMA;
https://t.me/reklama_VP_chat;
https://t.me/birzha_chat69;
https://t.me/adv_World;
https://t.me/trade_tgm;
https://t.me/free_pr;
https://t.me/Tadverts;
https://t.me/reklamarur;
https://t.me/reklamka03;
https://t.me/besplatnyipiar;
https://t.me/reklamka_2020;
https://t.me/reklama_piar;
https://t.me/piar_chata;
https://t.me/piarschatik;
https://t.me/RuProB;
https://t.me/pr_ads_for_free;
https://t.me/fieryTGadmin;
https://t.me/piar_one;
https://t.me/market_bulls_and_bears;
https://t.me/test_piar;
https://t.me/Chat_PR_Raskrutka;
https://t.me/priroda_po;
https://t.me/piardublechat;
https://t.me/piarNOpar;
https://t.me/BIRZHA_KANALOV_GRUPP;
https://t.me/swap_room;
https://t.me/piargroup;
https://t.me/tolkopokypkaff;
https://t.me/birzha_kuplyu_prodam;
https://t.me/PiarChat143;
https://t.me/job_t;
https://t.me/piar_chat00;
https://t.me/freechat2;
https://t.me/sale_ads_group;
https://t.me/marketplace_pr;
https://t.me/PrTalk2;
https://t.me/piarchat_one;
https://t.me/tgchat_reklama;
https://t.me/piarnon_stop_vp_rekll;
https://t.me/piar_vp_bez_pravil;
https://t.me/lewischatancet;
https://t.me/VzaimnayaReklamaKanalov;
https://t.me/marketingchat_ru;
https://t.me/PRsites;
https://t.me/tg_sale;
https://t.me/RC_Niko;
https://t.me/kingtelegrams;
https://t.me/monopolistshop;
https://t.me/Piartv;
https://t.me/prfree;
https://t.me/PR_FREEEE;
https://t.me/reklam_for_you;
https://t.me/onlyfreechat;
https://t.me/smykovamarina_pr;
https://t.me/dvijenie_telegram;
https://t.me/tolko_pokypka1;
https://t.me/chatvashareclama;
https://t.me/reklamakp;
https://t.me/catalogpiarr;
https://t.me/buyTGads;
https://t.me/TOPadvPornPlace;
https://t.me/reklamaweselarta;
https://t.me/FreeVPP;
https://t.me/prodajareklamu;https://t.me/vzalli;
https://t.me/Piar_Vp_Pop_Group;
https://t.me/birzha_reklamy2;
https://t.me/piar5;
https://t.me/vpsmm_birzha;
https://t.me/Vp_chat_5K;
https://t.me/reklama_piaarr;
https://t.me/telegads;
https://t.me/pr_tg_chat;
https://t.me/PR_Free_chat;
https://t.me/stayaadm_market;
https://t.me/MaestroPRchat;
https://t.me/reklama_chatic;
https://t.me/bestprchat;
https://t.me/tolko_pokypka;
https://t.me/justdopr;
https://t.me/P1Rchatik;
https://t.me/youradvt;
https://t.me/reklama_oren56;
https://t.me/prodajareklamu;
https://t.me/PRchatX;
https://t.me/reklama_psychologi;
https://t.me/prgrps;
https://t.me/PRchatik;
https://t.me/brt_tg2;
https://t.me/first_ua;
https://t.me/shat37;
https://t.me/reklama_chat_bazar;
https://t.me/cryptoadminsVP;
https://t.me/PoznavalkiChat;
https://t.me/vzaimka_vp_reklama;
https://t.me/prodamvz;
https://t.me/only_pokupka;
https://t.me/reklama_klk_chat;
https://t.me/boom_chat2;
https://t.me/piarta;
https://t.me/PRforPR;
https://t.me/reklamabirzhachat;
https://t.me/psyhologiaprodaja;
https://t.me/hosting_pr;
https://t.me/telegaAdmins;
https://t.me/ReklamaZaDen;
https://t.me/vp_room;
https://t.me/piarchato;
https://t.me/vpuska_ru;
https://t.me/P1Rchats;
https://t.me/vp_telegram;
https://t.me/tgrinokreklama;
https://t.me/bazriktg;
https://t.me/ipiar;
https://t.me/pokupka_2;
https://t.me/supervpgo;
https://t.me/prsiberia;
https://t.me/catalogPiaR;
https://t.me/P1Rchat;
https://t.me/TG_PR;
https://t.me/SpecPiar;
https://t.me/brukchattg;
https://t.me/The_RU_ad;
https://t.me/reklama_tel;
https://t.me/Advertjsjng_Telegram;
https://t.me/podpison;
https://t.me/tg_chat2;
https://t.me/PEAR23;
https://t.me/megi_VP;
https://t.me/PiarTiM;
https://t.me/PRfast;
https://t.me/birzhayumor;
https://t.me/telegrm_shop;
https://t.me/rm_humor;
https://t.me/tg_bazar_chat;
https://t.me/active_birha;
https://t.me/PRnorules;
https://t.me/birzhreklamieda;
https://t.me/exchange_reklama;
https://t.me/piar_kanali;
https://t.me/telegabirga;
https://t.me/free_PR_PSB;
https://t.me/piar_grin;
https://t.me/tolko_pokupka;
https://t.me/PRLinks;
https://t.me/zapashdgu;
https://t.me/birzha_reklamyq;
https://t.me/tgm_adm;
https://t.me/reklama_piar11;
https://t.me/dvizh_zhca;
https://t.me/piarbotov;
https://t.me/pr_for_alll;
https://t.me/VProllers;
https://t.me/PRbirza1;
https://t.me/VPgroupTg;
